x, p, q_kl_pq, q_kl_qp, q_renyi
-8.000000000000000000e+00,4.056340826194704178e-06,3.763244644936851544e-03,2.911178612634470129e-05,1.272918830151452841e-03
-7.959899749373433586e+00,4.447360906639960747e-06,3.899880178711753395e-03,3.145124837108939577e-05,1.333634540412693536e-03
-7.919799498746867172e+00,4.874114421000607492e-06,4.040752423706931405e-03,3.396706642255295917e-05,1.396926897580977800e-03
-7.879699248120300759e+00,5.339670721048618716e-06,4.185963018304567941e-03,3.667155354671560770e-05,1.462888565183953970e-03
-7.839598997493734345e+00,5.847343984776154290e-06,4.335614888637557424e-03,3.957780395363884091e-05,1.531614719728890354e-03
-7.799498746867167931e+00,6.400711019728960607e-06,4.489812219771476334e-03,4.269973631297514251e-05,1.603203080301653007e-03
-7.759398496240601517e+00,7.003630210168170194e-06,4.648660424705637617e-03,4.605213925751479987e-05,1.677753936586257044e-03
-7.719298245614035103e+00,7.660261668968107440e-06,4.812266111149249466e-03,4.965071893506830500e-05,1.755370175191382038e-03
-7.679197994987468689e+00,8.375088657387052036e-06,4.980737046029805673e-03,5.351214866865438506e-05,1.836157304167872033e-03
-7.639097744360902276e+00,9.152940338076068287e-06,5.154182117692421121e-03,5.765412078442003685e-05,1.920223475598676092e-03
-7.598997493734335862e+00,9.999015928908047771e-06,5.332711295750174746e-03,6.209540066598017837e-05,2.007679506140359286e-03
-7.558897243107769448e+00,1.091891032740817719e-05,5.516435588547057532e-03,6.685588309288078613e-05,2.098638895393160116e-03
-7.518796992481203034e+00,1.191864127773521891e-05,5.705466998197049507e-03,7.195665091969481307e-05,2.193217841974384654e-03
-7.478696741854636620e+00,1.300467815429239867e-05,5.899918473164510700e-03,7.742003615077229072e-05,2.291535257168042863e-03
-7.438596491228070207e+00,1.418397243812188489e-05,6.099903858352935873e-03,8.326968346394953053e-05,2.393712776021739586e-03
-7.398496240601503793e+00,1.546398996424833407e-05,6.305537842671413498e-03,8.953061623448541496e-05,2.499874765760299808e-03
-7.358395989974937379e+00,1.685274502006977674e-05,6.516935904050130506e-03,9.622930510818596594e-05,2.610148331384025324e-03
-7.318295739348370965e+00,1.835883637673467754e-05,6.734214251878453510e-03,1.033937391700281007e-04,2.724663318318205126e-03
-7.278195488721804551e+00,1.999148533717382684e-05,6.957489766841802592e-03,1.110534997516393721e-04,2.843552311979428461e-03
-7.238095238095238138e+00,2.176057588606417255e-05,7.186879938135743752e-03,1.192398369176651222e-04,2.966950634123321009e-03
-7.197994987468671724e+00,2.367669702846489621e-05,7.422502798038578889e-03,1.279857486673922158e-04,3.094996335837597781e-03
-7.157894736842105310e+00,2.575118740517279894e-05,7.664476853826261357e-03,1.373260628839309788e-04,3.227830187043928198e-03
-7.117794486215538896e+00,2.799618227396721517e-05,7.912921017016497430e-03,1.472975220588303928e-04,3.365595662371810917e-03
-7.077694235588972482e+00,3.042466294684097698e-05,8.167954529931818752e-03,1.579388708151314752e-04,3.508438923267662417e-03
-7.037593984962406068e+00,3.305050877401937803e-05,8.429696889574284438e-03,1.692909462466167612e-04,3.656508796202686835e-03
-6.997493734335839655e+00,3.588855176603178269e-05,8.698267768808087483e-03,1.813967710852752572e-04,3.809956746843465303e-03
-6.957393483709273241e+00,3.895463394529971785e-05,8.973786934849230235e-03,1.943016497028849114e-04,3.968936850050192727e-03
-6.917293233082706827e+00,4.226566751861699677e-05,9.256374165065027124e-03,2.080532669459551226e-04,4.133605755568395441e-03
-6.877192982456140413e+00,4.583969796152077256e-05,9.546149160089747315e-03,2.227017897962289947e-04,4.304122649281528351e-03
-6.837092731829573999e+00,4.969597010489537891e-05,9.843231454266312963e-03,2.382999718413255979e-04,4.480649209893448719e-03
-6.796992481203007586e+00,5.385499731334424361e-05,1.014774032342742778e-02,2.549032605320661988e-04,4.663349560911802041e-03
-6.756892230576441172e+00,5.833863384435955649e-05,1.045979469003386828e-02,2.725699071944404040e-04,4.852390217805644876e-03
-6.716791979949874758e+00,6.317015047855681375e-05,1.077951302569096076e-02,2.913610797550757713e-04,5.047940030213434077e-03
-6.676691729323308344e+00,6.837431351856544486e-05,1.110701325106882090e-02,3.113409781294873557e-04,5.250170119080356003e-03
-6.636591478696741930e+00,7.397746728022436139e-05,1.144241263325546272e-02,3.325769522122288884e-04,5.459253808607457750e-03
-6.596491228070175517e+00,8.000762027992184872e-05,1.178582768057671003e-02,3.551396223974287642e-04,5.675366552898622984e-03
-6.556390977443609103e+00,8.649453555226605667e-05,1.213737403492045654e-02,3.791030025469830701e-04,5.898685857195721388e-03
-6.516290726817042689e+00,9.346982616457472244e-05,1.249716636160749794e-02,4.045446253119591219e-04,6.129391193596436284e-03
-6.476190476190476275e+00,1.009670586673424794e-04,1.286531823685556526e-02,4.315456697005101922e-04,6.367663911154338580e-03
-6.436090225563909861e+00,1.090218714968134342e-04,1.324194203288751523e-02,4.601910907728068998e-04,6.613687140265820698e-03
-6.395989974937343447e+00,1.176721259255056670e-04,1.362714880073904317e-02,4.905697513301843183e-04,6.867645691254085569e-03
-6.355889724310777034e+00,1.269581324742244204e-04,1.402104815082623294e-02,5.227745554518709601e-04,7.129725947066465133e-03
-6.315789473684210620e+00,1.369230542866865048e-04,1.442374813133753819e-02,5.569025837183346969e-04,7.400115750007583461e-03
-6.275689223057644206e+00,1.476137199877732833e-04,1.483535510451943797e-02,5.930552299454571992e-04,7.679004282437645879e-03
-6.235588972431077792e+00,1.590823614620676943e-04,1.525597362092997837e-02,6.313383392384092335e-04,7.966581941372266953e-03
-6.195488721804511378e+00,1.713903812693525668e-04,1.568570629173889411e-02,6.718623471583608274e-04,8.263040206927802292e-03
-6.155388471177944965e+00,1.846164368893240030e-04,1.612465365915781434e-02,7.147424197788992311e-04,8.568571504564050784e-03
-6.115288220551378551e+00,1.988734114609760949e-04,1.657291406508870288e-02,7.600985943924238025e-04,8.883369061084469415e-03
-6.075187969924812137e+00,2.143430706203220402e-04,1.703058351808374796e-02,8.080559206097186805e-04,9.207626754362662619e-03
-6.035087719298245723e+00,2.313447129330083098e-04,1.749775555871437710e-02,8.587446015785095985e-04,9.541538956773192373e-03
-5.994987468671679309e+00,2.504668436607384620e-04,1.797452112345177336e-02,9.123001350290862229e-04,9.885300372313969228e-03
-5.954887218045112895e+00,2.728113927891273149e-04,1.846096840716640250e-02,9.688634538369891858e-04,1.023910586741739147e-02
-5.914786967418546482e+00,3.004311730338215213e-04,1.895718272435839916e-02,1.028581065774516676e-03,1.060315029545750957e-02
-5.874686716791980068e+00,3.370856466122264250e-04,1.946324636923536106e-02,1.091605192104222553e-03,1.097762831497122414e-02
-5.834586466165413654e+00,3.894982274548481455e-04,1.997923847475894382e-02,1.158093904648941274e-03,1.136273420162212631e-02
-5.794486215538847240e+00,4.693664542551474728e-04,2.050523487078607585e-02,1.228211260953978581e-03,1.175866165394697307e-02
-5.754385964912280826e+00,5.964427855101695842e-04,2.104130794143516461e-02,1.302127437138288603e-03,1.216560359293635159e-02
-5.714285714285714413e+00,8.030453485310528206e-04,2.158752648181201314e-02,1.380018858012486797e-03,1.258375195551268352e-02
-5.674185463659147999e+00,1.140337485344813983e-03,2.214395555423488704e-02,1.462068324022675623e-03,1.301329748198134552e-02
-5.634085213032581585e+00,1.686581834351070803e-03,2.271065634410195794e-02,1.548465134560332666e-03,1.345442949754250932e-02
-5.593984962406015171e+00,2.557272148184133991e-03,2.328768601554888698e-02,1.639405207159808867e-03,1.390733568796462781e-02
-5.553884711779448757e+00,3.916526819358348566e-03,2.387509756704853450e-02,1.735091192086756027e-03,1.437220186953272819e-02
-5.513784461152882344e+00,5.988379745548731529e-03,2.447293968710807441e-02,1.835732581802583833e-03,1.484921175339868823e-02
-5.473684210526315930e+00,9.065680601829252672e-03,2.508125661022359010e-02,1.941545814772533763e-03,1.533854670447322259e-02
-5.433583959899749516e+00,1.351336701743600932e-02,2.570008797325508410e-02,2.052754373067590659e-03,1.584038549501361540e-02
-5.393483709273183102e+00,1.976215274247964185e-02,2.632946867238893096e-02,2.169588873193942138e-03,1.635490405307421860e-02
-5.353383458646616688e+00,2.828853349419097052e-02,2.696942872085810253e-02,2.292287149567542870e-03,1.688227520600152701e-02
-5.313283208020050274e+00,3.957781245306658119e-02,2.761999310759348514e-02,2.421094330036104286e-03,1.742266841916878181e-02
-5.273182957393483861e+00,5.406886642602024007e-02,2.828118165698319253e-02,2.556262902836297594e-03,1.797624953015977342e-02
-5.233082706766917447e+00,7.208265682923192808e-02,2.895300888991919272e-02,2.698052774360321787e-03,1.854318047862529156e-02
-5.192982456140351033e+00,9.374072393591334484e-02,2.963548388631348854e-02,2.846731317093469885e-03,1.912361903205020072e-02
-5.152882205513784619e+00,1.188843578902845227e-01,3.032861014926880802e-02,3.002573407072684723e-03,1.971771850768318929e-02
-5.112781954887218205e+00,1.470087302789927219e-01,3.103238547109055112e-02,3.165861450205869395e-03,2.032562749089534410e-02
-5.072681704260651792e+00,1.772277653690509658e-01,3.174680180132934126e-02,3.336885396782625357e-03,2.094748955024813841e-02
-5.032581453634085378e+00,2.082838917197847584e-01,3.247184511704524768e-02,3.515942743499374246e-03,2.158344294956528187e-02
-4.992481203007518964e+00,2.386115768878734889e-01,3.320749529548597950e-02,3.703338522315813459e-03,2.223362035731699798e-02
-4.952380952380952550e+00,2.664551197657573089e-01,3.395372598937356629e-02,3.899385275454859013e-03,2.289814855363910689e-02
-4.912280701754386136e+00,2.900309344875304229e-01,3.471050450499423012e-02,4.104403015855539495e-03,2.357714813532276951e-02
-4.872180451127819723e+00,3.077146522963855602e-01,3.547779168328773353e-02,4.318719172386975731e-03,2.427073321912464818e-02
-4.832080200501253309e+00,3.182262188375105660e-01,3.625554178413298995e-02,4.542668519132604665e-03,2.497901114375985013e-02
-4.791979949874686895e+00,3.207838196218716353e-01,3.704370237402655752e-02,4.776593088056369472e-03,2.570208217095363082e-02
-4.751879699248120481e+00,3.152009567630777997e-01,3.784221421735155244e-02,5.020842064367512375e-03,2.644003918593967883e-02
-4.711779448621554067e+00,3.019099483718649113e-01,3.865101117143353998e-02,5.275771663907722481e-03,2.719296739780596370e-02
-4.671679197994987653e+00,2.819077457328403868e-01,3.947002008557982250e-02,5.541744991893421055e-03,2.796094404010007750e-02
-4.631578947368421240e+00,2.566335013198445814e-01,4.029916070429789138e-02,5.819131882357950550e-03,2.874403807211838024e-02
-4.591478696741854826e+00,2.277987647941795424e-01,4.113834557488728338e-02,6.108308717652207419e-03,2.954230988131345895e-02
-4.551378446115288412e+00,1.971980896676185646e-01,4.198747995959788842e-02,6.409658227379008352e-03,3.035581098726555793e-02
-4.511278195488721998e+00,1.665289513869931126e-01,4.284646175254633316e-02,6.723569266155655227e-03,3.118458374767314398e-02
-4.471177944862155584e+00,1.372454183174399434e-01,4.371518140157940047e-02,7.050436569620883651e-03,3.202866106682764752e-02
-4.431077694235589171e+00,1.104614824418820307e-01,4.459352183527180019e-02,7.390660488127183923e-03,3.288806610704576167e-02
-4.390977443609022757e+00,8.690962673238730729e-02,4.548135839524225510e-02,7.744646697586570101e-03,3.376281200354135786e-02
-4.350877192982456343e+00,6.695046791644360118e-02,4.637855877396951376e-02,8.112805886968324151e-03,3.465290158322609920e-02
-4.310776942355889929e+00,5.062204903067957229e-02,4.728498295828623132e-02,8.495553421979943481e-03,3.555832708793515290e-02
-4.270676691729323515e+00,3.771356277565142412e-02,4.820048317872490523e-02,8.893308984498967534e-03,3.647906990258006216e-02
-4.230576441102757101e+00,2.784799802313745257e-02,4.912490386488671534e-02,9.306496187361817940e-03,3.741510028873639565e-02
-4.190476190476190688e+00,2.056067906996840097e-02,5.005808160699894149e-02,9.735542164157898887e-03,3.836637712417824420e-02
-4.150375939849624274e+00,1.536474937471926303e-02,5.099984512382275958e-02,1.018087713372203655e-02,3.933284764887517992e-02
-4.110275689223057860e+00,1.179913173690110006e-02,5.195001523706810342e-02,1.064293393906581321e-02,4.031444721797046438e-02
-4.070175438596491446e+00,9.458414856228449311e-03,5.290840485246673525e-02,1.112214756053960321e-02,4.131109906226067274e-02
-4.030075187969925032e+00,8.006908862644932998e-03,5.387481894764938051e-02,1.161895460307023342e-02,4.232271405669874031e-02
-3.989974937343358619e+00,7.180622356653763166e-03,5.484905456696703707e-02,1.213379275737615053e-02,4.334919049744129227e-02
-3.949874686716792205e+00,6.781295524819388153e-03,5.583090082338981047e-02,1.266710023512093199e-02,4.439041388796177018e-02
-3.909774436090225791e+00,6.666206260504622255e-03,5.682013890761088148e-02,1.321931517802863582e-02,4.544625673474753103e-02
-3.869674185463659377e+00,6.736617927367143446e-03,5.781654210447564196e-02,1.379087504104892399e-02,4.651657835309736672e-02
-3.829573934837092963e+00,6.926773396247746205e-03,5.881987581684955391e-02,1.438221594972758678e-02,4.760122468353099323e-02
-3.789473684210526550e+00,7.194474478514615266e-03,5.982989759703054300e-02,1.499377203200821275e-02,4.870002811931833930e-02
-3.749373433583960136e+00,7.513627161275971897e-03,6.084635718580405639e-02,1.562597472476282348e-02,4.981280734562883172e-02
-3.709273182957393722e+00,7.868704603818953841e-03,6.186899655923135816e-02,1.627925205542459300e-02,5.093936719079572573e-02
-3.669172932330827308e+00,8.250851765292966170e-03,6.289754998325265689e-02,1.695402789917218808e-02,5.207949849018049526e-02
-3.629072681704260894e+00,8.655274193564448451e-03,6.393174407617893684e-02,1.765072121219438822e-02,5.323297796311470681e-02
-3.588972431077694480e+00,9.079563240662039472e-03,6.497129787913737131e-02,1.836974524164455488e-02,5.439956810338520549e-02
-3.548872180451128067e+00,9.522665132688791848e-03,6.601592293452586413e-02,1.911150671297644557e-02,5.557901708371778410e-02
-3.508771929824561653e+00,9.984270469707066595e-03,6.706532337252356368e-02,1.987640499543752437e-02,5.677105867470188388e-02
-3.468671679197995239e+00,1.046446573564350883e-02,6.811919600569467381e-02,2.066483124658039308e-02,5.797541217858481061e-02
-3.428571428571428825e+00,1.096354118729962746e-02,6.917723043171276898e-02,2.147716753673986276e-02,5.919178237834996775e-02
-3.388471177944862411e+00,1.148188836213339704e-02,7.023910914422393237e-02,2.231378595450945329e-02,6.041985950247707321e-02
-3.348370927318295998e+00,1.201994699703824547e-02,7.130450765185594730e-02,2.317504769433988143e-02,6.165931920576626230e-02
-3.308270676691729584e+00,1.257817819408543238e-02,7.237309460537129369e-02,2.406130212746907318e-02,6.290982256658912697e-02
-3.268170426065163170e+00,1.315705103194763151e-02,7.344453193295147342e-02,2.497288585748202658e-02,6.417101610091184571e-02
-3.228070175438596756e+00,1.375703582216628550e-02,7.451847498358900312e-02,2.591012176188632610e-02,6.544253179341445736e-02
-3.187969924812030342e+00,1.437860053115453188e-02,7.559457267855360096e-02,2.687331802117696317e-02,6.672398714601031344e-02
-3.147869674185463928e+00,1.502220865188207133e-02,7.667246767088783943e-02,2.786276713695021168e-02,6.801498524404692159e-02
-3.107769423558897515e+00,1.568831770838493775e-02,7.775179651287693339e-02,2.887874494071255085e-02,6.931511484044716731e-02
-3.067669172932331101e+00,1.637737801771911583e-02,7.883218983142685488e-02,2.992150959511408193e-02,7.062395045802538629e-02
-3.027568922305764687e+00,1.708983154294653473e-02,7.991327251127293418e-02,3.099130058941906504e-02,7.194105251018842462e-02
-2.987468671679198273e+00,1.782611076624028568e-02,8.099466388593139221e-02,3.208833773110619791e-02,7.326596744020584528e-02
-2.947368421052631859e+00,1.858663755339890963e-02,8.207597793629461957e-02,3.321282013556953183e-02,7.459822787920721010e-02
-2.907268170426065446e+00,1.937182199913911260e-02,8.315682349675965201e-02,3.436492521596646449e-02,7.593735282303706868e-02
-2.867167919799499032e+00,2.018206125007857357e-02,8.423680446876907757e-02,3.554480767533140656e-02,7.728284782806971176e-02
-2.827067669172932618e+00,2.101773830542076962e-02,8.531552004163220349e-02,3.675259850314323284e-02,7.863420522605829577e-02
-2.786967418546366204e+00,2.187922079664040079e-02,8.639256492048290326e-02,3.798840397859935131e-02,7.999090435806176236e-02
-2.746867167919799790e+00,2.276685974804060902e-02,8.746752956122090528e-02,3.925230468291152075e-02,8.135241182746477673e-02
-2.706766917293233377e+00,2.368098832035189436e-02,8.854000041227103046e-02,4.054435452299464532e-02,8.271818177207389267e-02
-2.666666666666666963e+00,2.462192053973894651e-02,8.960956016298540772e-02,4.186457976897272476e-02,8.408765615524331494e-02
-2.626566416040100549e+00,2.558995001474010517e-02,9.067578799850235793e-02,4.321297810797351119e-02,8.546026507595085031e-02
-2.586466165413534135e+00,2.658534864380680124e-02,9.173825986086542317e-02,4.458951771672494541e-02,8.683542709771401025e-02
-2.546365914786967721e+00,2.760836531624659418e-02,9.279654871619581746e-02,4.599413635550377716e-02,8.821254959620293545e-02
-2.506265664160401307e+00,2.865922460950303188e-02,9.385022482770140340e-02,4.742674048601611125e-02,8.959102912537526830e-02
-2.466165413533834894e+00,2.973812548583162907e-02,9.489885603429522309e-02,4.888720441581531628e-02,9.097025180192411242e-02
-2.426065162907268480e+00,3.084523999155090387e-02,9.594200803458714788e-02,5.037536947187937209e-02,9.234959370779914634e-02
-2.385964912280702066e+00,3.198071196216197010e-02,9.697924467600259335e-02,5.189104320598127151e-02,9.372842131052595838e-02
-2.345864661654135652e+00,3.314465573673781168e-02,9.801012824877278207e-02,5.343399863449088683e-02,9.510609190101766697e-02
-2.305764411027569238e+00,3.433715488508420205e-02,9.903421978453280650e-02,5.500397351524195094e-02,9.648195404853857071e-02
-2.265664160401002825e+00,3.555826095126749659e-02,1.000510793592539333e-01,5.660066966408942857e-02,9.785534807244763988e-02
-2.225563909774436411e+00,3.680799221718853570e-02,1.010602664002292900e-01,5.822375231376217958e-02,9.922560653031675670e-02
-2.185463659147869997e+00,3.808633248995847709e-02,1.020613399968233054e-01,5.987284951759194729e-02,1.005920547219864153e-01
-2.145363408521303583e+00,3.939322991689801767e-02,1.030538592146877375e-01,6.154755160066414238e-02,1.019540112090895068e-01
-2.105263157894737169e+00,4.072859583203743833e-02,1.040373834131397973e-01,6.324741066089507868e-02,1.033107883495427148e-01
-2.065162907268170756e+00,4.209230363804052077e-02,1.050114725653909231e-01,6.497194012248969086e-02,1.046616928464731699e-01
-2.025062656641604342e+00,4.348418772750932415e-02,1.059756875813075150e-01,6.672061434417540793e-02,1.060060263110186030e-01
-1.984962406015037928e+00,4.490404244764883979e-02,1.069295906323798201e-01,6.849286828454186071e-02,1.073430858384079450e-01
-1.944862155388471514e+00,4.635162111228104120e-02,1.078727454785680107e-01,7.028809722673984295e-02,1.086721645967018424e-01
-1.904761904761905100e+00,4.782663506519468921e-02,1.088047177966900703e-01,7.210565656471137896e-02,1.099925524275422867e-01
-1.864661654135338686e+00,4.932875279880187536e-02,1.097250755100105529e-01,7.394486165302974201e-02,1.113035364582345421e-01
-1.824561403508772273e+00,5.085759913204267874e-02,1.106333891186850465e-01,7.580498772232942273e-02,1.126044017244567513e-01
-1.784461152882205859e+00,5.241275445143660922e-02,1.115292320307106483e-01,7.768526986219814745e-02,1.138944318028674157e-01
-1.744360902255639445e+00,5.399375401912193811e-02,1.124121808930299421e-01,7.958490307328631996e-02,1.151729094528560898e-01
-1.704260651629073031e+00,5.560008735165272026e-02,1.132818159224317917e-01,8.150304239026737174e-02,1.164391172666590368e-01
-1.664160401002506617e+00,5.723119767323731760e-02,1.141377212358902632e-01,8.343880307714905686e-02,1.176923383270388757e-01
-1.624060150375940204e+00,5.888648144700133619e-02,1.149794851799809808e-01,8.539126089629904548e-02,1.189318568717065566e-01
-1.583959899749373790e+00,6.056528798774275107e-02,1.158067006590118020e-01,8.735945245240053780e-02,1.201569589636434232e-01
-1.543859649122807376e+00,6.226691915951659134e-02,1.166189654615042703e-01,8.934237561240246372e-02,1.213669331664628814e-01
-1.503759398496240962e+00,6.399062916124181877e-02,1.174158825846614157e-01,9.133899000236798960e-02,1.225610712239337124e-01
-1.463659147869674548e+00,6.573562440336359891e-02,1.181970605564570398e-01,9.334821758196049091e-02,1.237386687427713683e-01
-1.423558897243108134e+00,6.750106347843022603e-02,1.189621137549828345e-01,9.536894329713441198e-02,1.248990258777890050e-01
-1.383458646616541721e+00,6.928605722825588453e-02,1.197106627246894150e-01,9.740001581142102016e-02,1.260414480184876285e-01
-1.343358395989975307e+00,7.108966891013841771e-02,1.204423344891601411e-01,9.944024831601837311e-02,1.271652464761530155e-01
-1.303258145363408893e+00,7.291091446438580093e-02,1.211567628600574847e-01,1.014884194187063160e-01,1.282697391705173440e-01
-1.263157894736842479e+00,7.474876288517622036e-02,1.218535887418848718e-01,1.035432741114190314e-01,1.293542513150360562e-01
-1.223057644110276065e+00,7.660213669653538615e-02,1.225324604322098332e-01,1.056035248161114604e-01,1.304181160998237055e-01
-1.182957393483709652e+00,7.846991253496146679e-02,1.231930339169975547e-01,1.076678525083593907e-01,1.314606753712873888e-01
-1.142857142857143238e+00,8.035092183996271620e-02,1.238349731607085030e-01,1.097349079179340409e-01,1.324812803074947032e-01
-1.102756892230576824e+00,8.224395165349779324e-02,1.244579503908183338e-01,1.118033128053883551e-01,1.334792920883107192e-01
-1.062656641604010410e+00,8.414774552902250238e-02,1.250616463764228081e-01,1.138716613134911071e-01,1.344540825593398270e-01
-1.022556390977443996e+00,8.606100455055214205e-02,1.256457507005972474e-01,1.159385213921397401e-01,1.354050348887102795e-01
-9.824561403508775825e-01,8.798238846184486261e-02,1.262099620261848687e-01,1.180024362951792721e-01,1.363315442157434776e-01
-9.423558897243111687e-01,8.991051690550092013e-02,1.267539883546964785e-01,1.200619261473517552e-01,1.372330182905562579e-01
-9.022556390977447549e-01,9.184397077145521615e-02,1.272775472780094952e-01,1.221154895793973155e-01,1.381088781036515223e-01
-8.621553884711783411e-01,9.378129365401718931e-02,1.277803662225634462e-01,1.241616054291285048e-01,1.389585585045628457e-01
-8.220551378446119273e-01,9.572099341628584335e-02,1.282621826857562042e-01,1.261987345061007793e-01,1.397815088086291901e-01
-7.819548872180455135e-01,9.766154386043543467e-02,1.287227444642541352e-01,1.282253214173074418e-01,1.405771933909895355e-01
-7.418546365914790996e-01,9.960138650203580191e-02,1.291618098739381881e-01,1.302397964511359529e-01,1.413450922669017285e-01
-7.017543859649126858e-01,1.015389324462364351e-01,1.295791479612176111e-01,1.322405775166365371e-01,1.420847016575064736e-01
-6.616541353383462720e-01,1.034725643633098158e-01,1.299745387054526136e-01,1.342260721349707586e-01,1.427955345401754894e-01
-6.215538847117798582e-01,1.054006385607172414e-01,1.303477732122378663e-01,1.361946794797341542e-01,1.434771211826028625e-01
-5.814536340852134444e-01,1.073214871485297234e-01,1.306986538973086698e-01,1.381447924626754142e-01,1.441290096598208670e-01
-5.413533834586470306e-01,1.092334202947117389e-01,1.310269946608438596e-01,1.400747998611731604e-01,1.447507663533429967e-01
-5.012531328320806168e-01,1.111347285664533308e-01,1.313326210519496495e-01,1.419830884836764950e-01,1.453419764316638552e-01
-4.611528822055142030e-01,1.130236853534226232e-01,1.316153704231211030e-01,1.438680453691681682e-01,1.459022443113703604e-01
-4.210526315789477891e-01,1.148985493685033971e-01,1.318750920744899413e-01,1.457280600165719031e-01,1.464311940981468108e-01
-3.809523809523813753e-01,1.167575672212845250e-01,1.321116473876793318e-01,1.475615266398968006e-01,1.469284700069862226e-01
-3.408521303258149615e-01,1.185989760592803532e-01,1.323249099490994285e-01,1.493668464447923117e-01,1.473937367609500781e-01
-3.007518796992485477e-01,1.204210062715848906e-01,1.325147656625298709e-01,1.511424299220799072e-01,1.478266799678509824e-01
-2.606516290726821339e-01,1.222218842493984076e-01,1.326811128508495752e-01,1.528866991537294329e-01,1.482270064742659821e-01
-2.205513784461157201e-01,1.239998351976153157e-01,1.328238623467856705e-01,1.545980901266617580e-01,1.485944446963227139e-01
-1.804511278195493063e-01,1.257530859914273713e-01,1.329429375725693641e-01,1.562750550496855295e-01,1.489287449267351904e-01
-1.403508771929828924e-01,1.274798680716758281e-01,1.330382746083984269e-01,1.579160646688122227e-01,1.492296796176044160e-01
-1.002506265664164786e-01,1.291784203724856139e-01,1.331098222496209516e-01,1.595196105761445826e-01,1.494970436385344992e-01
-6.015037593985006481e-02,1.308469922745292002e-01,1.331575420525682729e-01,1.610842075074952473e-01,1.497306545096548924e-01
-2.005012531328365100e-02,1.324838465771027984e-01,1.331814083689805139e-01,1.626083956238687789e-01,1.499303526091782801e-01
2.005012531328276282e-02,1.340872624820527437e-01,1.331814083689805139e-01,1.640907427719277278e-01,1.500960013551631833e-01
6.015037593984828845e-02,1.356555385824637916e-01,1.331575420525682729e-01,1.655298467185669087e-01,1.502274873611919581e-01
1.002506265664155904e-01,1.371869958489190244e-01,1.331098222496209516e-01,1.669243373547335541e-01,1.503247205657157193e-01
1.403508771929828924e-01,1.386799806060577678e-01,1.330382746083984546e-01,1.682728788636621842e-01,1.503876343348593825e-01
1.804511278195484181e-01,1.401328674921003825e-01,1.329429375725693641e-01,1.695741718487334959e-01,1.504161855385228175e-01
2.205513784461139437e-01,1.415440623939722697e-01,1.328238623467856705e-01,1.708269554162244186e-01,1.504103545996564040e-01
2.606516290726812457e-01,1.429120053506454935e-01,1.326811128508495752e-01,1.720300092082844567e-01,1.503701455166319145e-01
3.007518796992485477e-01,1.442351734173296096e-01,1.325147656625298986e-01,1.731821553815575399e-01,1.502955858586733640e-01
3.408521303258140733e-01,1.455120834831771237e-01,1.323249099490994285e-01,1.742822605269652436e-01,1.501867267343548751e-01
3.809523809523795990e-01,1.467412950352277867e-01,1.321116473876793596e-01,1.753292375262746616e-01,1.500436427332158540e-01
4.210526315789469010e-01,1.479214128613997592e-01,1.318750920744899691e-01,1.763220473411983569e-01,1.498664318405870666e-01
4.611528822055142030e-01,1.490510896854419232e-01,1.316153704231211030e-01,1.772597007309068828e-01,1.496552153257638684e-01
5.012531328320797286e-01,1.501290287268939594e-01,1.313326210519496495e-01,1.781412598939829117e-01,1.494101376037046680e-01
5.413533834586452542e-01,1.511539861792536577e-01,1.310269946608438874e-01,1.789658400310022990e-01,1.491313660704762234e-01
5.814536340852125562e-01,1.521247735997294237e-01,1.306986538973086698e-01,1.797326108240994424e-01,1.488190909127075079e-01
6.215538847117798582e-01,1.530402602041562032e-01,1.303477732122378663e-01,1.804407978300540671e-01,1.484735248913564565e-01
6.616541353383453838e-01,1.538993750608758926e-01,1.299745387054526413e-01,1.810896837836284412e-01,1.480949031001331517e-01
7.017543859649109095e-01,1.547011091776269442e-01,1.295791479612176389e-01,1.816786098080846734e-01,1.476834826989637528e-01
7.418546365914782115e-01,1.554445174757523862e-01,1.291618098739382159e-01,1.822069765300227684e-01,1.472395426229181903e-01
7.819548872180455135e-01,1.561287206463211619e-01,1.287227444642541352e-01,1.826742450958989405e-01,1.467633832670627025e-01
8.220551378446110391e-01,1.567529068830610384e-01,1.282621826857562042e-01,1.830799380878108396e-01,1.462553261477356203e-01
8.621553884711765647e-01,1.573163334873227404e-01,1.277803662225634740e-01,1.834236403363715406e-01,1.457157135407811943e-01
9.022556390977438667e-01,1.578183283406344173e-01,1.272775472780095229e-01,1.837049996287342946e-01,1.451449080973110373e-01
9.423558897243111687e-01,1.582582912407593800e-01,1.267539883546965063e-01,1.839237273100780834e-01,1.445432924375971151e-01
9.824561403508766944e-01,1.586356950975401636e-01,1.262099620261848965e-01,1.840795987771162989e-01,1.439112687237328603e-01
1.022556390977442220e+00,1.589500869851933618e-01,1.256457507005972751e-01,1.841724538624470997e-01,1.432492582117299573e-01
1.062656641604009522e+00,1.592010890481145580e-01,1.250616463764228359e-01,1.842021971088249888e-01,1.425577007837496024e-01
1.102756892230576824e+00,1.593883992576576869e-01,1.244579503908183338e-01,1.841687979326958879e-01,1.418370544611947670e-01
1.142857142857142350e+00,1.595117920177673010e-01,1.238349731607085308e-01,1.840722906766038836e-01,1.410877948994175013e-01
1.182957393483707875e+00,1.595711186177633800e-01,1.231930339169975824e-01,1.839127745503437161e-01,1.403104148648213201e-01
1.223057644110275177e+00,1.595663075310070345e-01,1.225324604322098609e-01,1.836904134610001516e-01,1.395054236951633331e-01
1.263157894736842479e+00,1.594973645586069688e-01,1.218535887418848856e-01,1.834054357322819351e-01,1.386733467438823197e-01
1.303258145363408005e+00,1.593643728177631114e-01,1.211567628600575125e-01,1.830581337138229014e-01,1.378147248093007649e-01
1.343358395989973531e+00,1.591674925747795233e-01,1.204423344891601827e-01,1.826488632813864088e-01,1.369301135495682997e-01
1.383458646616540832e+00,1.589069609232170444e-01,1.197106627246894567e-01,1.821780432291688623e-01,1.360200828842315079e-01
1.423558897243108134e+00,1.585830913080894522e-01,1.189621137549828622e-01,1.816461545556552482e-01,1.350852163833306530e-01
1.463659147869673660e+00,1.581962728974405097e-01,1.181970605564570814e-01,1.810537396447308989e-01,1.341261106449383733e-01
1.503759398496239186e+00,1.577469698030653233e-01,1.174158825846614573e-01,1.804014013440015940e-01,1.331433746620682979e-01
1.543859649122806488e+00,1.572357201525602100e-01,1.166189654615042981e-01,1.796898019425141324e-01,1.321376291798912472e-01
1.583959899749373790e+00,1.566631350152981328e-01,1.158067006590118159e-01,1.789196620503036850e-01,1.311095060442067084e-01
1.624060150375939315e+00,1.560298971853308625e-01,1.149794851799810086e-01,1.780917593824219158e-01,1.300596475421230691e-01
1.664160401002504841e+00,1.553367598246101489e-01,1.141377212358903048e-01,1.772069274503169367e-01,1.289887057359065670e-01
1.704260651629072143e+00,1.545845449703025509e-01,1.132818159224318055e-01,1.762660541636480449e-01,1.278973417909621269e-01
1.744360902255639445e+00,1.537741419103385576e-01,1.124121808930299560e-01,1.752700803458170364e-01,1.267862252989107041e-01
1.784461152882204971e+00,1.529065054316885441e-01,1.115292320307106622e-01,1.742199981666900099e-01,1.256560335967277509e-01
1.824561403508770496e+00,1.519826539461954784e-01,1.106333891186850882e-01,1.731168494961625448e-01,1.245074510829058678e-01
1.864661654135337798e+00,1.510036674991128702e-01,1.097250755100105946e-01,1.719617241823920006e-01,1.233411685316014167e-01
1.904761904761905100e+00,1.499706856657972431e-01,1.088047177966900841e-01,1.707557582586773648e-01,1.221578824057193008e-01
1.944862155388470626e+00,1.488849053422865165e-01,1.078727454785680384e-01,1.695001320831132918e-01,1.209582941698828379e-01
1.984962406015036152e+00,1.477475784357576427e-01,1.069295906323798756e-01,1.681960684152798424e-01,1.197431096042275017e-01
2.025062656641603454e+00,1.465600094610970960e-01,1.059756875813075427e-01,1.668448304343496114e-01,1.185130381199478722e-01
2.065162907268170756e+00,1.453235530500383843e-01,1.050114725653909231e-01,1.654477197031035962e-01,1.172687920775136033e-01
2.105263157894736281e+00,1.440396113795154864e-01,1.040373834131398251e-01,1.640060740824411945e-01,1.160110861084582140e-01
2.145363408521301807e+00,1.427096315260575066e-01,1.030538592146877930e-01,1.625212656010533996e-01,1.147406364416289903e-01
2.185463659147869109e+00,1.413351027532003257e-01,1.020613399968233193e-01,1.609946982849965458e-01,1.134581602347704832e-01
2.225563909774436411e+00,1.399175537390172641e-01,1.010602664002292900e-01,1.594278059519591839e-01,1.121643749122961942e-01
2.265664160401001936e+00,1.384585497509754348e-01,1.000510793592539471e-01,1.578220499750556116e-01,1.108599975100828944e-01
2.305764411027567462e+00,1.369596897754033205e-01,9.903421978453284813e-02,1.561789170210096389e-01,1.095457440281035338e-01
2.345864661654134764e+00,1.354226036089113683e-01,9.801012824877280982e-02,1.544999167676055496e-01,1.082223287916916216e-01
2.385964912280702066e+00,1.338489489191378723e-01,9.697924467600259335e-02,1.527865796052839953e-01,1.068904638222073072e-01
2.426065162907267592e+00,1.322404082821999338e-01,9.594200803458717564e-02,1.510404543277500122e-01,1.055508582178518312e-01
2.466165413533833117e+00,1.305986862042136931e-01,9.489885603429526473e-02,1.492631058164327618e-01,1.042042175453513075e-01
2.506265664160400419e+00,1.289255061342086672e-01,9.385022482770141727e-02,1.474561127236016234e-01,1.028512432432056450e-01
2.546365914786967721e+00,1.272226074756974690e-01,9.279654871619581746e-02,1.456210651588893401e-01,1.014926320371705992e-01
2.586466165413533247e+00,1.254917426040780548e-01,9.173825986086545092e-02,1.437595623839110492e-01,1.001290753686129992e-01
2.626566416040098773e+00,1.237346738969384713e-01,9.067578799850241345e-02,1.418732105195927296e-01,9.876125883635102076e-02
2.666666666666666075e+00,1.219531707842069074e-01,8.960956016298542159e-02,1.399636202707360833e-01,9.738986165256195704e-02
2.706766917293233377e+00,1.201490068249403131e-01,8.854000041227103046e-02,1.380324046722478104e-01,9.601555611330951645e-02
2.746867167919798902e+00,1.183239568173765632e-01,8.746752956122093303e-02,1.360811768613525152e-01,9.463900708421134345e-02
2.786967418546364428e+00,1.164797939486894307e-01,8.639256492048297265e-02,1.341115478799893013e-01,9.326087150173775764e-02
2.827067669172931730e+00,1.146182869906800378e-01,8.531552004163223124e-02,1.321251245114636874e-01,9.188179789059985891e-02
2.867167919799499032e+00,1.127411975474167521e-01,8.423680446876907757e-02,1.301235071552869493e-01,9.050242589765356005e-02
2.907268170426064557e+00,1.108502773605977293e-01,8.315682349675967977e-02,1.281082877439874701e-01,8.912338584271296826e-02
2.947368421052630083e+00,1.089472656781589194e-01,8.207597793629467509e-02,1.260810477055251400e-01,8.774529828663504838e-02
2.987468671679197385e+00,1.070338866913843612e-01,8.099466388593141997e-02,1.240433559747755043e-01,8.636877361700401323e-02
3.027568922305764687e+00,1.051118470454970033e-01,7.991327251127293418e-02,1.219967670573806479e-01,8.499441165171121859e-02
3.067669172932330213e+00,1.031828334284187465e-01,7.883218983142689651e-02,1.199428191490877482e-01,8.362280126069268626e-02
3.107769423558895738e+00,1.012485102420898064e-01,7.775179651287698890e-02,1.178830323135137276e-01,8.225452000605450176e-02
3.147869674185463040e+00,9.931051736042928457e-02,7.667246767088785331e-02,1.158189067210893958e-01,8.089013380078317883e-02
3.187969924812030342e+00,9.737046797770285145e-02,7.559457267855360096e-02,1.137519209517424967e-01,7.953019658620523458e-02
3.228070175438595868e+00,9.542994655074125976e-02,7.451847498358901700e-02,1.116835303636851406e-01,7.817525002832743930e-02
3.268170426065161394e+00,9.349050683812806795e-02,7.344453193295150117e-02,1.096151655304732769e-01,7.682582323315788331e-02
3.308270676691728696e+00,9.155367003914371971e-02,7.237309460537130756e-02,1.075482307483047878e-01,7.548243248107616710e-02
3.348370927318295998e+00,8.962092303492034950e-02,7.130450765185594730e-02,1.054841026153210265e-01,7.414558098028889432e-02
3.388471177944861523e+00,8.769371673392764577e-02,7.023910914422396012e-02,1.034241286844710256e-01,7.281575863937628235e-02
3.428571428571427049e+00,8.577346452357614837e-02,6.917723043171281061e-02,1.013696261912966634e-01,7.149344185890514625e-02
3.468671679197994351e+00,8.386154082939292764e-02,6.811919600569468769e-02,9.932188085779128373e-02,7.017909334205434113e-02
3.508771929824561653e+00,8.195927978289216376e-02,6.706532337252356368e-02,9.728214577328185564e-02,6.887316192416874372e-02
3.548872180451127178e+00,8.006797399893775258e-02,6.601592293452589189e-02,9.525164035308286703e-02,6.757608242112932151e-02
3.588972431077692704e+00,7.818887346307239194e-02,6.497129787913742682e-02,9.323154937547011023e-02,6.628827549639983163e-02
3.629072681704260006e+00,7.632318452897203509e-02,6.393174407617895072e-02,9.122302209732735534e-02,6.501014754658331063e-02
3.669172932330827308e+00,7.447206902587368005e-02,6.289754998325265689e-02,8.922717144862232774e-02,6.374209060529516246e-02
3.709273182957392834e+00,7.263664347552223344e-02,6.186899655923138591e-02,8.724507330567908558e-02,6.248448226513406145e-02
3.749373433583958359e+00,7.081797841788953218e-02,6.084635718580410496e-02,8.527776584302784735e-02,6.123768561750799616e-02
3.789473684210525661e+00,6.901709784463405661e-02,5.982989759703055688e-02,8.332624896343182597e-02,6.000204921004911179e-02
3.829573934837092963e+00,6.723497873899518529e-02,5.881987581684955391e-02,8.139148380551357309e-02,5.877790702132801304e-02
3.869674185463658489e+00,6.547255072055271907e-02,5.781654210447566972e-02,7.947439232823123867e-02,5.756557845255640127e-02
3.909774436090224015e+00,6.373069579303150545e-02,5.682013890761093006e-02,7.757585697129204538e-02,5.636536833594690127e-02
3.949874686716791317e+00,6.201024819309099850e-02,5.583090082338982435e-02,7.569672039042994738e-02,5.517756695937903882e-02
3.989974937343358619e+00,6.031199433781315317e-02,5.484905456696703707e-02,7.383778526632245320e-02,5.400245010700146370e-02
4.030075187969924144e+00,5.863667286838752934e-02,5.387481894764940826e-02,7.199981418577500181e-02,5.284027911538282524e-02
4.070175438596489670e+00,5.698497478729388360e-02,5.290840485246676994e-02,7.018352959366502830e-02,5.169130094480783172e-02
4.110275689223056972e+00,5.535754368609623055e-02,5.195001523706813812e-02,6.838961381400564254e-02,5.055574826529924543e-02
4.150375939849624274e+00,5.375497606078986218e-02,5.099984512382275958e-02,6.661870913836581698e-02,4.943383955693238241e-02
4.190476190476189799e+00,5.217782171148616088e-02,5.005808160699896925e-02,6.487141797976861413e-02,4.832577922399465542e-02
4.230576441102755325e+00,5.062658422307714928e-02,4.912490386488676392e-02,6.314830309008145903e-02,4.723175772253196403e-02
4.270676691729322627e+00,4.910172152339437740e-02,4.820048317872491217e-02,6.144988783881455419e-02,4.615195170081164838e-02
4.310776942355889929e+00,4.760364651526281798e-02,4.728498295828623132e-02,5.977665655115039361e-02,4.508652415222218907e-02
4.350877192982455455e+00,4.613272777875180447e-02,4.637855877396953458e-02,5.812905490294560662e-02,4.403562458012059283e-02
4.390977443609020980e+00,4.468929033984192500e-02,4.548135839524228285e-02,5.650749037037222644e-02,4.299938917413095862e-02
4.431077694235588282e+00,4.327361650165745255e-02,4.459352183527182795e-02,5.491233273179888658e-02,4.197794099739132062e-02
4.471177944862155584e+00,4.188594673435808158e-02,4.371518140157940047e-02,5.334391461945502122e-02,4.097139018423955753e-02
4.511278195488721110e+00,4.052648061974298971e-02,4.284646175254634010e-02,5.180253211837004823e-02,3.997983414782467493e-02
4.551378446115286636e+00,3.919537784659351404e-02,4.198747995959793006e-02,5.028844541004026669e-02,3.900335779712665180e-02
4.591478696741853938e+00,3.789275925276673618e-02,4.113834557488730420e-02,4.880187945824132623e-02,3.804203376286550281e-02
4.631578947368421240e+00,3.661870791005128467e-02,4.029916070429789138e-02,4.734302473437906889e-02,3.709592263177805688e-02
4.671679197994986765e+00,3.537327024780839019e-02,3.947002008557983638e-02,4.591203797975347556e-02,3.616507318874084831e-02
4.711779448621552291e+00,3.415645721144593833e-02,3.865101117143357468e-02,4.450904300210091480e-02,3.524952266621786401e-02
4.751879699248119593e+00,3.296824545180885441e-02,3.784221421735158714e-02,4.313413150377713029e-02,3.434929700051344431e-02
4.791979949874686895e+00,3.180857854161583953e-02,3.704370237402655752e-02,4.178736393894755957e-02,3.346441109431253641e-02
4.832080200501252421e+00,3.067736821512977163e-02,3.625554178413300382e-02,4.046877039716323399e-02,3.259486908499330260e-02
4.872180451127817946e+00,2.957449562731761378e-02,3.547779168328776822e-02,3.917835151071853012e-02,3.174066461820198443e-02
4.912280701754385248e+00,2.849981262883228075e-02,3.471050450499423706e-02,3.791607938321282095e-02,3.090178112618409412e-02
4.952380952380952550e+00,2.745314305323477352e-02,3.395372598937356629e-02,3.668189853676733642e-02,3.007819211037155924e-02
4.992481203007518076e+00,2.643428401296906566e-02,3.320749529548599338e-02,3.547572687538607522e-02,2.926986142773186847e-02
5.032581453634083601e+00,2.544300720070443236e-02,3.247184511704527543e-02,3.429745666199226356e-02,2.847674358039233022e-02
5.072681704260650903e+00,2.447906019276882561e-02,3.174680180132936208e-02,3.314695550671928337e-02,2.769878400806066732e-02
5.112781954887218205e+00,2.354216775151148772e-02,3.103238547109055112e-02,3.202406736408754118e-02,2.693591938277089051e-02
5.152882205513783731e+00,2.263203312355414887e-02,3.032861014926882884e-02,3.092861353675565445e-02,2.618807790549282366e-02
5.192982456140349257e+00,2.174833933101627884e-02,2.963548388631352323e-02,2.986039368359696272e-02,2.545517960415326700e-02
5.233082706766916559e+00,2.089075045293014785e-02,2.895300888991920313e-02,2.881918682991723227e-02,2.473713663262702006e-02
5.273182957393483861e+00,2.005891289419542076e-02,2.828118165698319253e-02,2.780475237769889502e-02,2.403385357026655705e-02
5.313283208020049386e+00,1.925245663956020453e-02,2.761999310759349555e-02,2.681683111382967416e-02,2.334522772155005199e-02
5.353383458646614912e+00,1.847099649025565893e-02,2.696942872085813028e-02,2.585514621434911037e-02,2.267114941543959400e-02
5.393483709273182214e+00,1.771413328105319804e-02,2.632946867238894484e-02,2.491940424282517233e-02,2.201150230405321540e-02
5.433583959899749516e+00,1.698145507565600176e-02,2.570008797325508410e-02,2.400929614105309917e-02,2.136616366026667171e-02
5.473684210526315042e+00,1.627253833848089914e-02,2.508125661022360745e-02,2.312449821035120201e-02,2.073500467387363183e-02
5.513784461152880567e+00,1.558694908103098326e-02,2.447293968710810910e-02,2.226467308181353383e-02,2.011789074594600574e-02
5.553884711779447869e+00,1.492424398120358042e-02,2.387509756704854491e-02,2.142947067396379704e-02,1.951468178104977594e-02
5.593984962406015171e+00,1.428397147402106840e-02,2.328768601554888698e-02,2.061852913634267329e-02,1.892523247698468108e-02
5.634085213032580697e+00,1.366567281241426457e-02,2.271065634410196488e-02,1.983147577764702435e-02,1.834939261172996439e-02
5.674185463659146222e+00,1.306888309682876885e-02,2.214395555423491826e-02,1.906792797712831417e-02,1.778700732729262060e-02
5.714285714285713524e+00,1.249313227256283569e-02,2.158752648181202355e-02,1.832749407804569464e-02,1.723791741016839768e-02
5.754385964912280826e+00,1.193794609388102064e-02,2.104130794143516461e-02,1.760977426205628457e-02,1.670195956813976673e-02
5.794486215538846352e+00,1.140284705408085159e-02,2.050523487078609319e-02,1.691436140351375295e-02,1.617896670314927440e-02
5.834586466165411878e+00,1.088735528081953910e-02,1.997923847475896464e-02,1.624084190273282491e-02,1.566876818000143001e-02
5.874686716791979180e+00,1.039098939613412181e-02,1.946324636923537146e-02,1.558879649736403389e-02,1.517119009065973773e-02
5.914786967418546482e+00,9.913267340710471900e-03,1.895718272435839916e-02,1.495780105110779482e-02,1.468605551392041311e-02
5.954887218045112007e+00,9.453707162074916417e-03,1.846096840716640944e-02,1.434742731908037437e-02,1.421318477025769293e-02
5.994987468671677533e+00,9.011827766496349063e-03,1.797452112345179071e-02,1.375724368922750900e-02,1.375239567165055868e-02
6.035087719298244835e+00,8.587149634496202624e-03,1.749775555871439792e-02,1.318681589926157770e-02,1.330350376621415413e-02
6.075187969924812137e+00,8.179195499968074101e-03,1.703058351808374796e-02,1.263570772867706610e-02,1.286632257747312609e-02
6.115288220551377663e+00,7.787490993008775245e-03,1.657291406508870288e-02,1.210348166547581088e-02,1.244066383812764305e-02
6.155388471177943188e+00,7.411565246657562597e-03,1.612465365915782822e-02,1.158969954730819547e-02,1.202633771817688754e-02
6.195488721804510490e+00,7.050951467830115539e-03,1.568570629173890452e-02,1.109392317680905904e-02,1.162315304727749334e-02
6.235588972431077792e+00,6.705187472818226017e-03,1.525597362092997837e-02,1.061571491097641415e-02,1.123091753122803030e-02
6.275689223057643318e+00,6.373816187805718923e-03,1.483535510451945011e-02,1.015463822450879405e-02,1.084943796248293880e-02
6.315789473684208843e+00,6.056386114925286709e-03,1.442374813133755207e-02,9.710258247081634056e-03,1.047852042461255156e-02
6.355889724310776145e+00,5.752451764449936084e-03,1.402104815082624509e-02,9.282142274605210269e-03,1.011797049063774788e-02
6.395989974937343447e+00,5.461574053776166102e-03,1.362714880073904317e-02,8.869860254565769750e-03,9.767593415180027272e-03
6.436090225563908973e+00,5.183320673914645384e-03,1.324194203288752737e-02,8.472985245607843677e-03,9.427194320379224737e-03
6.476190476190474499e+00,4.917266424257387032e-03,1.286531823685558955e-02,8.091093851569117895e-03,9.096578375543049044e-03
6.516290726817041801e+00,4.662993516438823823e-03,1.249716636160749794e-02,7.723766630230301071e-03,8.775550970503295800e-03
6.556390977443609103e+00,4.420091848151147529e-03,1.213737403492045654e-02,7.370588477089302058e-03,8.463917882664526160e-03
6.596491228070174628e+00,4.188159247812774967e-03,1.178582768057672044e-02,7.031148984514138701e-03,8.161485437741212642e-03
6.636591478696740154e+00,3.966801691022312122e-03,1.144241263325547833e-02,6.705042776670676156e-03,7.868060664189801753e-03
6.676691729323307456e+00,3.755633489759387534e-03,1.110701325106883131e-02,6.391869820659851383e-03,7.583451441351452514e-03
6.716791979949874758e+00,3.554277455317951528e-03,1.077951302569096076e-02,6.091235714335039436e-03,7.307466641330713671e-03
6.756892230576440284e+00,3.362365035977698223e-03,1.045979469003386828e-02,5.802751951302771022e-03,7.039916264644175727e-03
6.796992481203005809e+00,3.179536430435188094e-03,1.014774032342743645e-02,5.526036163640533211e-03,6.780611569681994910e-03
6.837092731829573111e+00,3.005440678027969121e-03,9.843231454266321637e-03,5.260712342892115596e-03,6.529365196032993306e-03
6.877192982456140413e+00,2.839735726792866257e-03,9.546149160089747315e-03,5.006411039925690032e-03,6.285991281732131002e-03
6.917293233082705939e+00,2.682088480403886383e-03,9.256374165065027124e-03,4.762769544261227263e-03,6.050305574496230715e-03
6.957393483709271464e+00,2.532174825035908832e-03,8.973786934849238908e-03,4.529432043493071026e-03,5.822125537021077823e-03
6.997493734335838766e+00,2.389679637197841388e-03,8.698267768808094422e-03,4.306049763450059409e-03,5.601270446419612421e-03
7.037593984962406068e+00,2.254296773573083446e-03,8.429696889574284438e-03,4.092281089749114087e-03,5.387561487886986800e-03
7.077694235588971594e+00,2.125729043896612720e-03,8.167954529931827426e-03,3.887791671410057142e-03,5.180821842684201449e-03
7.117794486215537120e+00,2.003688167886622570e-03,7.912921017016514777e-03,3.692254507208457808e-03,4.980876770537444147e-03
7.157894736842104422e+00,1.887894717234813412e-03,7.664476853826261357e-03,3.505350015450205310e-03,4.787553686555464337e-03
7.197994987468671724e+00,1.778078043643123831e-03,7.422502798038578889e-03,3.326766087856280942e-03,4.600682232771766307e-03
7.238095238095237249e+00,1.673976193876256175e-03,7.186879938135748956e-03,3.156198128248640256e-03,4.420094344422892396e-03
7.278195488721802775e+00,1.575335812779110481e-03,6.957489766841809531e-03,2.993349076729070329e-03,4.245624311077926365e-03
7.318295739348370077e+00,1.481912035186002492e-03,6.734214251878463051e-03,2.837929420041523151e-03,4.077108832738097523e-03
7.358395989974937379e+00,1.393468367624786652e-03,6.516935904050130506e-03,2.689657188805418160e-03,3.914387071028388974e-03
7.398496240601502905e+00,1.309776560693814637e-03,6.305537842671418702e-03,2.548257942302741864e-03,3.757300695606092134e-03
7.438596491228068430e+00,1.230616472963276965e-03,6.099903858352941077e-03,2.413464741495531356e-03,3.605693925913737267e-03
7.478696741854635732e+00,1.155775927224909211e-03,5.899918473164519374e-03,2.285018110942629421e-03,3.459413568406154334e-03
7.518796992481203034e+00,1.085050559885594864e-03,5.705466998197049507e-03,2.162665990275360658e-03,3.318309049383197807e-03
7.558897243107768560e+00,1.018243664271157017e-03,5.516435588547057532e-03,2.046163675881476803e-03,3.182232443561332745e-03
7.598997493734334086e+00,9.551660285768415453e-04,5.332711295750181685e-03,1.935273753435056039e-03,3.051038498518518841e-03
7.639097744360901387e+00,8.956357691706271331e-04,5.154182117692428927e-03,1.829766021897469112e-03,2.924584655147955455e-03
7.679197994987468689e+00,8.394781599248364503e-04,4.980737046029805673e-03,1.729417409600787769e-03,2.802731064256787970e-03
7.719298245614034215e+00,7.865254582206240375e-04,4.812266111149255537e-03,1.634011883010419875e-03,2.685340599446430897e-03
7.759398496240599741e+00,7.366167282389775263e-04,4.648660424705648025e-03,1.543340348748525534e-03,2.572278866411276382e-03
7.799498746867167043e+00,6.895976621208707363e-04,4.489812219771476334e-03,1.457200549443612861e-03,2.463414208792594033e-03
7.839598997493734345e+00,6.453203995484065210e-04,4.335614888637557424e-03,1.375396953955004484e-03,2.358617710723948362e-03
7.879699248120299870e+00,6.036433462681382476e-04,4.185963018304574013e-03,1.297740642503667158e-03,2.257763196204064151e-03
7.919799498746865396e+00,5.644309920475187739e-04,4.040752423706940079e-03,1.224049187223186664e-03,2.160727225432154154e-03
7.959899749373432698e+00,5.275537285255402914e-04,3.899880178711753395e-03,1.154146528626610142e-03,2.067389088239939866e-03
8.000000000000000000e+00,4.928876673892080380e-04,3.763244644936851544e-03,1.087862848466453116e-03,1.977630794753229559e-03
